{"cameraMode":{"drawMode":0,"name":"Shaded","section":"Shading Mode"},"sceneLighting":true,"audioPlay":false,"sceneViewState":{"showFog":true,"showMaterialUpdate":false,"showSkybox":true,"showFlares":true,"showImageEffects":true,"showParticleSystems":true,"showVisualEffectGraphs":true,"m_FxEnabled":true},"in2DMode":false,"pivot":{"x":2570.607177734375,"y":33.91909408569336,"z":-183.3050994873047},"rotation":{"x":0.011540928855538369,"y":0.5524148344993591,"z":-0.007583733648061752,"w":0.8334834575653076},"size":0.6123724579811096,"orthographic":false}